Frame,Landmark Index,X,Y,Z
0,0,0.6326876282691956,0.9823993444442749,6.088392296987877e-07
0,1,0.5836933255195618,0.9794963598251343,-0.03374356031417847
0,2,0.5450219511985779,0.9284310936927795,-0.0568377785384655
0,3,0.5488783717155457,0.8720885515213013,-0.07979007065296173
0,4,0.5686967372894287,0.8238154053688049,-0.1003682091832161
0,5,0.5503994226455688,0.7888631224632263,-0.03821410983800888
0,6,0.5198947191238403,0.6956952214241028,-0.06875837594270706
0,7,0.5048062205314636,0.6358194351196289,-0.0868452936410904
0,8,0.4968457818031311,0.5816919803619385,-0.09896684437990189
0,9,0.5975531935691833,0.7771705985069275,-0.04416415095329285
0,10,0.5966110229492188,0.6634892225265503,-0.07596813142299652
0,11,0.5997270345687866,0.5957016944885254,-0.09371820837259293
0,12,0.6067143082618713,0.5333729982376099,-0.1024688258767128
0,13,0.642034113407135,0.7973693013191223,-0.05357707664370537
0,14,0.632592499256134,0.7301102876663208,-0.09879516065120697
0,15,0.6106382012367249,0.8009704947471619,-0.1009678840637207
0,16,0.6001604795455933,0.8546231389045715,-0.0904710665345192
0,17,0.6821320652961731,0.837443470954895,-0.06533163785934448
0,18,0.6639593839645386,0.8066990971565247,-0.1026211827993393
0,19,0.6349586844444275,0.8514978885650635,-0.10148394852876663
0,20,0.6148491501808167,0.8907946944236755,-0.09215225279331207
1,0,0.6403455138206482,0.9991589784622192,6.884925483063853e-07
1,1,0.5859062075614929,0.9839845895767212,-0.02528952620923519
1,2,0.5441524982452393,0.9282894134521484,-0.04334120452404022
1,3,0.5500006079673767,0.8650140166282654,-0.06334728747606277
1,4,0.574823260307312,0.8189567923545837,-0.08219467103481293
1,5,0.5512629151344299,0.7882263660430908,-0.02839025855064392
1,6,0.5207552909851074,0.6961143612861633,-0.05357104912400246
1,7,0.5062693953514099,0.6366859078407288,-0.06868081539869308
1,8,0.49757838249206543,0.5831342935562134,-0.07928778231143951
1,9,0.5984729528427124,0.7771736979484558,-0.037750352174043655
1,10,0.5989672541618347,0.6635075807571411,-0.06579751521348953
1,11,0.6023880243301392,0.5936310887336731,-0.08256249129772186
1,12,0.6075360178947449,0.5325851440429688,-0.09115792065858841
1,13,0.6429165601730347,0.7975785732269287,-0.05009443685412407
1,14,0.6321374773979187,0.7330081462860107,-0.09133230894804001
1,15,0.6109104156494141,0.7996661067008972,-0.0967978686094284
1,16,0.5994744300842285,0.8509016633033752,-0.08983205258846283
1,17,0.6827324032783508,0.8364205360412598,-0.06397869437932968
1,18,0.6626207828521729,0.8032055497169495,-0.09811592847108841
1,19,0.6345710754394531,0.8497586250305176,-0.0985671654343605
1,20,0.6142852306365967,0.8915351629257202,-0.09158332645893097
2,0,0.636559009552002,1.0068212747573853,7.114379059203202e-07
2,1,0.583232581615448,0.985199511051178,-0.025375626981258392
2,2,0.5446311235427856,0.9282121658325195,-0.04397948086261749
2,3,0.548965334892273,0.868716299533844,-0.06506173312664032
2,4,0.5708109736442566,0.822874128818512,-0.08488235622644424
2,5,0.55088210105896,0.786403477191925,-0.02747555449604988
2,6,0.5189864635467529,0.6945599913597107,-0.05287313088774681
2,7,0.5035209655761719,0.6370103359222412,-0.06841513514518738
2,8,0.4946439564228058,0.5837329626083374,-0.07973126322031021
2,9,0.5979082584381104,0.7755239605903625,-0.03759470209479332
2,10,0.5984616279602051,0.6602371335029602,-0.06606358289718628
2,11,0.6017982959747314,0.5905715227127075,-0.08411874622106552
2,12,0.6082668900489807,0.5299111604690552,-0.09429311007261276
2,13,0.6423882842063904,0.7973569631576538,-0.05078795179724693
2,14,0.6308491230010986,0.7259249091148376,-0.09187639504671097
2,15,0.609230637550354,0.7953866720199585,-0.09668046981096268
2,16,0.5984577536582947,0.8495428562164307,-0.08969446271657944
2,17,0.682396411895752,0.8387487530708313,-0.06571195274591446
2,18,0.6606397032737732,0.8011918067932129,-0.09978511184453964
2,19,0.6329121589660645,0.8464192152023315,-0.09999828785657883
2,20,0.6142017245292664,0.8879160284996033,-0.0930093452334404
3,0,0.6407703161239624,1.0098479986190796,6.886099868097517e-07
3,1,0.5862206220626831,0.9879038333892822,-0.024025602266192436
3,2,0.5459076762199402,0.930635929107666,-0.04144760221242905
3,3,0.5502628087997437,0.8700828552246094,-0.061582181602716446
3,4,0.5722551941871643,0.8237255811691284,-0.0805661678314209
3,5,0.5507398247718811,0.7892993688583374,-0.024199634790420532
3,6,0.5189911127090454,0.698001503944397,-0.04802761971950531
3,7,0.5042904615402222,0.6403746008872986,-0.06234848499298096
3,8,0.49650973081588745,0.5866329669952393,-0.07257974147796631
3,9,0.598221480846405,0.7769338488578796,-0.034139204770326614
3,10,0.5986378788948059,0.6583329439163208,-0.0607556514441967
3,11,0.6022578477859497,0.5876661539077759,-0.07754943519830704
3,12,0.6089311242103577,0.5276230573654175,-0.08658654242753983
3,13,0.6429438591003418,0.7970758676528931,-0.047190334647893906
3,14,0.6301470994949341,0.7281410098075867,-0.087260901927948
3,15,0.6079674363136292,0.7955394983291626,-0.09262628108263016
3,16,0.5964977741241455,0.8486687541007996,-0.08591437339782715
3,17,0.682965874671936,0.8365671634674072,-0.06175481155514717
3,18,0.6602279543876648,0.7998248934745789,-0.09399550408124924
3,19,0.6329717636108398,0.8449668288230896,-0.09362474828958511
3,20,0.6147220730781555,0.8861533403396606,-0.08648145943880081
4,0,0.6388525366783142,1.01300048828125,6.968824095565651e-07
4,1,0.5842915177345276,0.9882881045341492,-0.023371148854494095
4,2,0.5452618598937988,0.9305065870285034,-0.041183993220329285
4,3,0.5497515201568604,0.8692185878753662,-0.06200747564435005
4,4,0.570620596408844,0.8229070901870728,-0.08185003697872162
4,5,0.5500684380531311,0.7888486385345459,-0.026078391820192337
4,6,0.518380880355835,0.6973627805709839,-0.05050239339470863
4,7,0.5032017230987549,0.6406499743461609,-0.06511308997869492
4,8,0.4946625828742981,0.5872093439102173,-0.07555831968784332
4,9,0.5971014499664307,0.7775172591209412,-0.03654780611395836
4,10,0.599294126033783,0.6575603485107422,-0.06328723579645157
4,11,0.6030028462409973,0.5874234437942505,-0.07984443008899689
4,12,0.6099674701690674,0.5276098251342773,-0.08892852813005447
4,13,0.6416316032409668,0.7989621758460999,-0.04995094612240791
4,14,0.6296135187149048,0.7285453677177429,-0.08914471417665482
4,15,0.6067352890968323,0.7953952550888062,-0.0941544845700264
4,16,0.5954681634902954,0.8478637933731079,-0.08767090737819672
4,17,0.6819599270820618,0.8400001525878906,-0.0649196058511734
4,18,0.6614432334899902,0.7999448180198669,-0.09612614661455154
4,19,0.6330901980400085,0.8420926928520203,-0.0956064909696579
4,20,0.6140737533569336,0.8812194466590881,-0.08872362226247787
5,0,0.6398622393608093,1.0148577690124512,6.748605869688618e-07
5,1,0.5847345590591431,0.9889065623283386,-0.020962130278348923
5,2,0.5472027063369751,0.9283909201622009,-0.03636593371629715
5,3,0.5516078472137451,0.8661327362060547,-0.05506609007716179
5,4,0.5710335373878479,0.8204103112220764,-0.07283312827348709
5,5,0.5509743094444275,0.7889715433120728,-0.02132609859108925
5,6,0.5200769901275635,0.6965276002883911,-0.043528296053409576
5,7,0.5053569674491882,0.640164852142334,-0.05667603760957718
5,8,0.49694448709487915,0.5876197814941406,-0.06609562039375305
5,9,0.5985950231552124,0.7780076861381531,-0.03219791501760483
5,10,0.6002705097198486,0.6570882797241211,-0.05729611963033676
5,11,0.6033375263214111,0.5860592126846313,-0.07349503040313721
5,12,0.6095764636993408,0.5270829200744629,-0.08224880695343018
5,13,0.6434787511825562,0.7995580434799194,-0.04583873599767685
5,14,0.6301921010017395,0.7298509478569031,-0.08388661593198776
5,15,0.6080008149147034,0.7960065603256226,-0.08910753577947617
5,16,0.5964797735214233,0.8486760854721069,-0.08275149762630463
5,17,0.6837657690048218,0.8403734564781189,-0.060758814215660095
5,18,0.662161648273468,0.8013079762458801,-0.09105851501226425
5,19,0.6346489787101746,0.8435077667236328,-0.09025566279888153
5,20,0.6158671379089355,0.8826576471328735,-0.08317277580499649
6,0,0.6407669186592102,1.0145424604415894,6.968529646655952e-07
6,1,0.5859512090682983,0.9900417923927307,-0.022615447640419006
6,2,0.5475588440895081,0.9301148653030396,-0.03882954269647598
6,3,0.5520824790000916,0.8686701059341431,-0.058115437626838684
6,4,0.5715770125389099,0.8225076198577881,-0.07637351751327515
6,5,0.5489102005958557,0.788204550743103,-0.022556083276867867
6,6,0.51889967918396,0.6957572102546692,-0.04576792195439339
6,7,0.5046114325523376,0.6386743783950806,-0.05980003997683525
6,8,0.4968053698539734,0.5849284529685974,-0.06981709599494934
6,9,0.5972883701324463,0.7774745225906372,-0.03293135017156601
6,10,0.5998513102531433,0.6571096777915955,-0.05855733901262283
6,11,0.6028687357902527,0.5862616896629333,-0.07516776025295258
6,12,0.6093705892562866,0.5259684324264526,-0.08438358455896378
6,13,0.6425439715385437,0.799476683139801,-0.046337906271219254
6,14,0.631942093372345,0.7309315800666809,-0.08527020364999771
6,15,0.6083828210830688,0.7986347079277039,-0.09070780128240585
6,16,0.5958800315856934,0.8511608242988586,-0.08433729410171509
6,17,0.6828064918518066,0.8406752943992615,-0.06119120866060257
6,18,0.6639229655265808,0.800595223903656,-0.09224874526262283
6,19,0.6364790797233582,0.8434903025627136,-0.09156700223684311
6,20,0.6176937222480774,0.8826376795768738,-0.08448834717273712
7,0,0.639418363571167,1.018278956413269,6.916570782777853e-07
7,1,0.5853580236434937,0.9921875,-0.021554889157414436
7,2,0.5466949343681335,0.9315827488899231,-0.03745993226766586
7,3,0.5514100193977356,0.8682720065116882,-0.05669879540801048
7,4,0.5709657669067383,0.8212661743164062,-0.07503754645586014
7,5,0.5503832101821899,0.7890477776527405,-0.022360872477293015
7,6,0.5202698707580566,0.6963587999343872,-0.04470444098114967
7,7,0.5056882500648499,0.6395578980445862,-0.05810684338212013
7,8,0.4972596764564514,0.5863919258117676,-0.06784895062446594
7,9,0.5977100133895874,0.7790268063545227,-0.03317641839385033
7,10,0.6013462543487549,0.6582480669021606,-0.05800621584057808
7,11,0.6048462986946106,0.5869685411453247,-0.07408066838979721
7,12,0.6113576889038086,0.5264801979064941,-0.08306673169136047
7,13,0.642203688621521,0.8010109663009644,-0.046871159225702286
7,14,0.6314229369163513,0.7310692667961121,-0.08424501866102219
7,15,0.6082775592803955,0.7967010140419006,-0.08966173231601715
7,16,0.596317708492279,0.8480557203292847,-0.08391667902469635
7,17,0.6824416518211365,0.8417137861251831,-0.06203199923038483
7,18,0.663578987121582,0.8013892769813538,-0.09181614220142365
7,19,0.6354546546936035,0.8441646695137024,-0.09141720086336136
7,20,0.6166173219680786,0.8833761811256409,-0.08500143885612488
8,0,0.6386890411376953,1.0192683935165405,6.722918328705418e-07
8,1,0.5853590965270996,0.9925024509429932,-0.021625414490699768
8,2,0.5469610095024109,0.9323433637619019,-0.037330321967601776
8,3,0.5513797402381897,0.8699613809585571,-0.056342728435993195
8,4,0.5695399045944214,0.8216019868850708,-0.07440278679132462
8,5,0.5502508878707886,0.7887214422225952,-0.021525224670767784
8,6,0.5201216340065002,0.6966943144798279,-0.04388047382235527
8,7,0.505063533782959,0.6407666206359863,-0.05731089785695076
8,8,0.4963170886039734,0.587665319442749,-0.06693881005048752
8,9,0.5979060530662537,0.7774956822395325,-0.03236991912126541
8,10,0.6001729369163513,0.6568880081176758,-0.056935831904411316
8,11,0.6029578447341919,0.5862247347831726,-0.0730409100651741
8,12,0.6094708442687988,0.5270109176635742,-0.08196652680635452
8,13,0.6428900361061096,0.7995985746383667,-0.046197403222322464
8,14,0.6318691968917847,0.7307363152503967,-0.08392146974802017
8,15,0.6086678504943848,0.7968569397926331,-0.08963334560394287
8,16,0.5966359376907349,0.8486099243164062,-0.08381082862615585
8,17,0.6835758090019226,0.8412912487983704,-0.061410244554281235
8,18,0.6644005179405212,0.7997793555259705,-0.0913664922118187
8,19,0.6362038254737854,0.8420394062995911,-0.09075856953859329
8,20,0.6169158220291138,0.881314218044281,-0.084017314016819
9,0,0.6404728889465332,1.0151948928833008,6.752930516995548e-07
9,1,0.5844492316246033,0.9880746006965637,-0.02159438468515873
9,2,0.5465677380561829,0.9275491237640381,-0.037485234439373016
9,3,0.5518727898597717,0.8664989471435547,-0.056815918534994125
9,4,0.5715556740760803,0.8219780325889587,-0.07511874288320541
9,5,0.5503998398780823,0.7868660092353821,-0.02132587507367134
9,6,0.5198977589607239,0.6949827075004578,-0.04446975514292717
9,7,0.5047340393066406,0.6383270025253296,-0.05861370638012886
9,8,0.49648070335388184,0.5851751565933228,-0.06877517700195312
9,9,0.5980698466300964,0.7747625112533569,-0.03242551162838936
9,10,0.5994714498519897,0.6543599367141724,-0.05780569091439247
9,11,0.601914644241333,0.5837582349777222,-0.07458937168121338
9,12,0.6086145639419556,0.5249480605125427,-0.0841144323348999
9,13,0.6430472731590271,0.7963323593139648,-0.04654158651828766
9,14,0.6319118738174438,0.7279795408248901,-0.08453606814146042
9,15,0.6092439889907837,0.7943156361579895,-0.08998272567987442
9,16,0.5975735783576965,0.8468596935272217,-0.08402840793132782
9,17,0.683356761932373,0.8379636406898499,-0.06212927773594856
9,18,0.6640711426734924,0.7976647019386292,-0.09189670532941818
9,19,0.6365479826927185,0.8384922742843628,-0.09096730500459671
9,20,0.617658793926239,0.8769024610519409,-0.08409404754638672
10,0,0.6406307816505432,1.0179091691970825,6.686053666271619e-07
10,1,0.5855324864387512,0.9925801157951355,-0.022709930315613747
10,2,0.5465272665023804,0.9314530491828918,-0.03871943801641464
10,3,0.5511063933372498,0.8694987297058105,-0.05786784738302231
10,4,0.5701239109039307,0.8225564360618591,-0.07604243606328964
10,5,0.5487194657325745,0.7888090014457703,-0.022660693153738976
10,6,0.5188273191452026,0.6966515183448792,-0.04595610499382019
10,7,0.5041572451591492,0.6392427682876587,-0.06019856408238411
10,8,0.49633359909057617,0.5851520895957947,-0.0704621747136116
10,9,0.5969031453132629,0.777234673500061,-0.03298519551753998
10,10,0.5997503995895386,0.658234715461731,-0.058309584856033325
10,11,0.6025534868240356,0.5881258845329285,-0.07470326125621796
10,12,0.6092005968093872,0.5277110934257507,-0.0840742439031601
10,13,0.6418388485908508,0.7985547780990601,-0.04642328992486
10,14,0.632007896900177,0.7293296456336975,-0.08482594043016434
10,15,0.6081438660621643,0.7970201373100281,-0.0903392806649208
10,16,0.5956902503967285,0.8495614528656006,-0.08444855362176895
10,17,0.6819985508918762,0.8396431803703308,-0.06142797693610191
10,18,0.6637808084487915,0.7996819019317627,-0.0920860767364502
10,19,0.6352754831314087,0.8413247466087341,-0.09190370887517929
10,20,0.6156174540519714,0.8795636892318726,-0.08549675345420837
11,0,0.639239490032196,1.0194884538650513,6.789811664020817e-07
11,1,0.584417998790741,0.9918183088302612,-0.02030126005411148
11,2,0.5471597909927368,0.9303749203681946,-0.03555836156010628
11,3,0.5511395931243896,0.8681360483169556,-0.0544535368680954
11,4,0.5692194700241089,0.8220785856246948,-0.0725235864520073
11,5,0.5512030124664307,0.788873016834259,-0.020695175975561142
11,6,0.5202578902244568,0.6962980031967163,-0.042732883244752884
11,7,0.5052823424339294,0.6402661204338074,-0.055991094559431076
11,8,0.4966983497142792,0.5876798629760742,-0.06558030098676682
11,9,0.5987535119056702,0.7783275246620178,-0.03214588016271591
11,10,0.6013898849487305,0.657127857208252,-0.05697953328490257
11,11,0.6042692065238953,0.5862847566604614,-0.0733502060174942
11,12,0.6106829047203064,0.5271191000938416,-0.08249243348836899
11,13,0.6434924602508545,0.8001970648765564,-0.04637529328465462
11,14,0.6313148140907288,0.7301480770111084,-0.0836838036775589
11,15,0.6084849238395691,0.7950977683067322,-0.08911747485399246
11,16,0.5968432426452637,0.8470514416694641,-0.0833023265004158
11,17,0.6838890314102173,0.841290295124054,-0.06194803863763809
11,18,0.6640112996101379,0.7992628812789917,-0.09135844558477402
11,19,0.6363130807876587,0.8402023911476135,-0.09050803631544113
11,20,0.6177176237106323,0.879342257976532,-0.08373205363750458
12,0,0.6372851729393005,1.0208547115325928,6.576348710041202e-07
12,1,0.5834563374519348,0.9928387403488159,-0.021977253258228302
12,2,0.5466526746749878,0.9307446479797363,-0.03770756348967552
12,3,0.552121639251709,0.8690560460090637,-0.05674084275960922
12,4,0.5693964958190918,0.8223848342895508,-0.07475399225950241
12,5,0.5501976609230042,0.7886685729026794,-0.021820534020662308
12,6,0.5200380682945251,0.6958572864532471,-0.04462813213467598
12,7,0.5050807595252991,0.6388638615608215,-0.05865875259041786
12,8,0.49669158458709717,0.5857932567596436,-0.06891963630914688
12,9,0.5976484417915344,0.7781399488449097,-0.032586470246315
12,10,0.599618673324585,0.6573745608329773,-0.05772702395915985
12,11,0.6018751859664917,0.5871385931968689,-0.07480840384960175
12,12,0.6088007092475891,0.528678297996521,-0.08486485481262207
12,13,0.642382800579071,0.8008946180343628,-0.04633167386054993
12,14,0.6318535208702087,0.7281737327575684,-0.08420167863368988
12,15,0.6069672703742981,0.7929096817970276,-0.09048838913440704
12,16,0.5943055152893066,0.8451763987541199,-0.08543265610933304
12,17,0.6827301979064941,0.8435144424438477,-0.061529386788606644
12,18,0.6636862754821777,0.8006830811500549,-0.09229234606027603
12,19,0.6347388029098511,0.8394946455955505,-0.09268583357334137
12,20,0.6154686212539673,0.877316951751709,-0.08675508946180344
13,0,0.6404879093170166,1.0185624361038208,6.644815471190668e-07
13,1,0.5843515992164612,0.9930309653282166,-0.022554706782102585
13,2,0.5469363927841187,0.9320045113563538,-0.03854211047291756
13,3,0.5516606569290161,0.8699246048927307,-0.05757461488246918
13,4,0.5689287185668945,0.82192462682724,-0.07553110271692276
13,5,0.5495969653129578,0.7902237772941589,-0.022015802562236786
13,6,0.5191246867179871,0.6968085765838623,-0.0452301912009716
13,7,0.5043059587478638,0.6392240524291992,-0.05930016189813614
13,8,0.49622008204460144,0.5854377746582031,-0.06937241554260254
13,9,0.5977780818939209,0.7781485915184021,-0.03238065168261528
13,10,0.5994206070899963,0.6562755107879639,-0.05786135420203209
13,11,0.6016072630882263,0.5853456258773804,-0.07478844374418259
13,12,0.6080510020256042,0.5265839695930481,-0.08448095619678497
13,13,0.6429576277732849,0.7995001673698425,-0.045803166925907135
13,14,0.6316606998443604,0.728961169719696,-0.08421427756547928
13,15,0.6080967783927917,0.7950790524482727,-0.09011130034923553
13,16,0.5959712862968445,0.8477022051811218,-0.08449606597423553
13,17,0.6833828091621399,0.8403590321540833,-0.06068090721964836
13,18,0.6632895469665527,0.8008579015731812,-0.09118553251028061
13,19,0.6352431774139404,0.8411898016929626,-0.09093526750802994
13,20,0.6163705587387085,0.8787127733230591,-0.08450241386890411
14,0,0.6386670470237732,1.0216552019119263,6.659134896835894e-07
14,1,0.5847287178039551,0.9938124418258667,-0.021871721372008324
14,2,0.5478481650352478,0.9311826229095459,-0.03728609159588814
14,3,0.5522810816764832,0.8683390021324158,-0.05604849383234978
14,4,0.5702371597290039,0.8209030032157898,-0.07376514375209808
14,5,0.5496541261672974,0.7904505133628845,-0.02111676149070263
14,6,0.5194215774536133,0.6969422101974487,-0.04365849494934082
14,7,0.5046905875205994,0.639904260635376,-0.05708763375878334
14,8,0.4964526891708374,0.5865416526794434,-0.06673703342676163
14,9,0.5978354215621948,0.7794378399848938,-0.03176874667406082
14,10,0.5999695062637329,0.658692479133606,-0.0568116120994091
14,11,0.6022734045982361,0.5884450078010559,-0.07327350229024887
14,12,0.6082947850227356,0.5292521715164185,-0.08250941336154938
14,13,0.642765462398529,0.8017048835754395,-0.04545242711901665
14,14,0.6311779618263245,0.7317340970039368,-0.0836402103304863
14,15,0.6077156662940979,0.798608124256134,-0.08939628303050995
14,16,0.5955803394317627,0.8510571122169495,-0.08356969058513641
14,17,0.6828653812408447,0.8437383770942688,-0.0605810321867466
14,18,0.6641456484794617,0.8022740483283997,-0.0911526158452034
14,19,0.6354575157165527,0.8423328995704651,-0.09110579639673233
14,20,0.6155341267585754,0.8799880146980286,-0.08471408486366272
15,0,0.642346203327179,1.018470287322998,6.912158596605877e-07
15,1,0.5852125287055969,0.9931334853172302,-0.023257164284586906
15,2,0.5461941361427307,0.933373749256134,-0.03993421420454979
15,3,0.5514236688613892,0.8711525797843933,-0.05977093055844307
15,4,0.5703951120376587,0.8238385915756226,-0.07836233824491501
15,5,0.5495102405548096,0.791018009185791,-0.022387513890862465
15,6,0.5194383859634399,0.6974204778671265,-0.04589337855577469
15,7,0.5047601461410522,0.6398847699165344,-0.060025203973054886
15,8,0.4968219995498657,0.5863186120986938,-0.07011936604976654
15,9,0.5975165963172913,0.7788001894950867,-0.03276776894927025
15,10,0.5990098118782043,0.657207727432251,-0.0587582029402256
15,11,0.600864052772522,0.5863084197044373,-0.0757644847035408
15,12,0.6067880392074585,0.5267513990402222,-0.08536820858716965
15,13,0.6425538659095764,0.8000767827033997,-0.046368565410375595
15,14,0.6308945417404175,0.7304992079734802,-0.08552409708499908
15,15,0.6076969504356384,0.7986546158790588,-0.09134559333324432
15,16,0.5959488749504089,0.8520934581756592,-0.08531307429075241
15,17,0.6829864978790283,0.8410513401031494,-0.06150025874376297
15,18,0.662830650806427,0.8008971810340881,-0.09234513342380524
15,19,0.634373128414154,0.8421404957771301,-0.09210316836833954
15,20,0.6150574684143066,0.8804845809936523,-0.08552483469247818
16,0,0.6421904563903809,1.0215485095977783,6.869317417113052e-07
16,1,0.5873481035232544,0.9956551194190979,-0.021492211148142815
16,2,0.5482019186019897,0.935413122177124,-0.037311483174562454
16,3,0.551677942276001,0.8737650513648987,-0.05653589591383934
16,4,0.5686365365982056,0.8265817761421204,-0.07482927292585373
16,5,0.5506181716918945,0.7926380634307861,-0.022893624380230904
16,6,0.5200431942939758,0.6990720629692078,-0.04565846547484398
16,7,0.5054377317428589,0.6418505907058716,-0.05891823023557663
16,8,0.49726709723472595,0.588353157043457,-0.06828169524669647
16,9,0.5982233285903931,0.7811782360076904,-0.03381898254156113
16,10,0.6002007722854614,0.6592159867286682,-0.05893569439649582
16,11,0.6026078462600708,0.5879843235015869,-0.07503925263881683
16,12,0.6084065437316895,0.5278885364532471,-0.08382654935121536
16,13,0.6431054472923279,0.8026987910270691,-0.04759320616722107
16,14,0.6298837661743164,0.7352576851844788,-0.08563486486673355
16,15,0.6062569618225098,0.801340639591217,-0.09159496426582336
16,16,0.5940462946891785,0.8529766201972961,-0.08584056049585342
16,17,0.6831166744232178,0.8439199924468994,-0.06275294721126556
16,18,0.66303551197052,0.8041701316833496,-0.09287872165441513
16,19,0.6339783072471619,0.8444532752037048,-0.09280333667993546
16,20,0.6139197945594788,0.8822352886199951,-0.08641266077756882
17,0,0.6382825374603271,1.0204819440841675,6.802666803196189e-07
17,1,0.5834565162658691,0.9929431676864624,-0.021493297070264816
17,2,0.546373188495636,0.9330737590789795,-0.03743573650717735
17,3,0.5509243011474609,0.8727521896362305,-0.05677285045385361
17,4,0.5679742097854614,0.8259779810905457,-0.07504996657371521
17,5,0.549929141998291,0.7895122766494751,-0.02133251167833805
17,6,0.5200958847999573,0.6970579028129578,-0.043557059019804
17,7,0.5050826072692871,0.6413534283638,-0.05703512951731682
17,8,0.49655935168266296,0.5891298651695251,-0.06688858568668365
17,9,0.5974363088607788,0.7790756225585938,-0.03250373527407646
17,10,0.5989526510238647,0.6592233180999756,-0.05727880448102951
17,11,0.6007921695709229,0.5884755849838257,-0.07435395568609238
17,12,0.6069827079772949,0.5289250612258911,-0.08440256118774414
17,13,0.6422376036643982,0.8021184802055359,-0.04661017656326294
17,14,0.6300870776176453,0.7326859831809998,-0.08419963717460632
17,15,0.6056450605392456,0.7978244423866272,-0.09078997373580933
17,16,0.5933360457420349,0.8493980765342712,-0.08598106354475021
17,17,0.6823813319206238,0.844682514667511,-0.06212007626891136
17,18,0.6625522971153259,0.8039434552192688,-0.09256873279809952
17,19,0.6331427097320557,0.842812180519104,-0.09315000474452972
17,20,0.6135009527206421,0.8798937797546387,-0.08743560314178467
18,0,0.6399794816970825,1.0172233581542969,6.747246175109467e-07
18,1,0.5838679671287537,0.9916144013404846,-0.02230764366686344
18,2,0.5458340644836426,0.9326101541519165,-0.03823593631386757
18,3,0.5509661436080933,0.8712378144264221,-0.05724167078733444
18,4,0.569225549697876,0.8237658739089966,-0.07527537643909454
18,5,0.5484225153923035,0.7919248342514038,-0.021880418062210083
18,6,0.5187025666236877,0.6983309984207153,-0.04449165612459183
18,7,0.5039434432983398,0.6407623887062073,-0.05801134556531906
18,8,0.4956176280975342,0.586902379989624,-0.06781619042158127
18,9,0.5966591835021973,0.7799221873283386,-0.03216009587049484
18,10,0.5983443260192871,0.6590547561645508,-0.057061612606048584
18,11,0.6005221605300903,0.5883610844612122,-0.07376100867986679
18,12,0.6063065528869629,0.529822587966919,-0.0834067240357399
18,13,0.6417270302772522,0.8010646104812622,-0.0454719103872776
18,14,0.6305940747261047,0.7319890260696411,-0.08381007611751556
18,15,0.6068865060806274,0.7972228527069092,-0.09059595316648483
18,16,0.5942298769950867,0.8492451906204224,-0.0856674388051033
18,17,0.6819098591804504,0.8415281772613525,-0.060118597000837326
18,18,0.6613385677337646,0.8045305013656616,-0.09098868072032928
18,19,0.6330908536911011,0.8444985747337341,-0.09172248840332031
18,20,0.6136896014213562,0.8812592625617981,-0.08604610711336136
19,0,0.6400469541549683,1.0180691480636597,6.890894610478426e-07
19,1,0.584011435508728,0.9925894141197205,-0.021694278344511986
19,2,0.5452695488929749,0.9316301941871643,-0.037295833230018616
19,3,0.5505770444869995,0.8690818548202515,-0.05622514709830284
19,4,0.5689579248428345,0.8230727314949036,-0.07414983212947845
19,5,0.5472516417503357,0.7916598916053772,-0.02172882854938507
19,6,0.5170047879219055,0.7002979516983032,-0.044317975640296936
19,7,0.5020495653152466,0.6435117721557617,-0.058098677545785904
19,8,0.4933259189128876,0.5904492139816284,-0.06812665611505508
19,9,0.5950871109962463,0.7797932028770447,-0.03260940685868263
19,10,0.5968098044395447,0.6597639322280884,-0.057562604546546936
19,11,0.599173367023468,0.5887296795845032,-0.07421082258224487
19,12,0.6049656867980957,0.5297036170959473,-0.08364782482385635
19,13,0.6400806903839111,0.8012707233428955,-0.04643867909908295
19,14,0.6279175281524658,0.7337684631347656,-0.08395515382289886
19,15,0.6049411296844482,0.7987829446792603,-0.08987369388341904
19,16,0.5929954051971436,0.8501876592636108,-0.08442343026399612
19,17,0.6800948977470398,0.8421534299850464,-0.061729323118925095
19,18,0.6604982614517212,0.8035665154457092,-0.09168381989002228
19,19,0.631860613822937,0.844146728515625,-0.0915665477514267
19,20,0.6118345856666565,0.8822041749954224,-0.0853387638926506
20,0,0.638648509979248,1.018206238746643,6.947085466890712e-07
20,1,0.5837627053260803,0.992828369140625,-0.020683081820607185
20,2,0.5456705093383789,0.9332970380783081,-0.03603386878967285
20,3,0.5495171546936035,0.8715944290161133,-0.054852329194545746
20,4,0.5671084523200989,0.8267113566398621,-0.0728125050663948
20,5,0.5470005869865417,0.7914173007011414,-0.021654777228832245
20,6,0.5173843502998352,0.6998564600944519,-0.043810226023197174
20,7,0.5022390484809875,0.6435637474060059,-0.05710213631391525
20,8,0.4928125739097595,0.59100341796875,-0.06673172861337662
20,9,0.5946648716926575,0.7795013189315796,-0.03300352022051811
20,10,0.596968412399292,0.6582148671150208,-0.05764465779066086
20,11,0.5998852252960205,0.5871784090995789,-0.07396379113197327
20,12,0.6060546040534973,0.5286839604377747,-0.08301573246717453
20,13,0.6397961974143982,0.8013399243354797,-0.04704895243048668
20,14,0.6267572045326233,0.7350755929946899,-0.08389550447463989
20,15,0.6042190194129944,0.8008373975753784,-0.08907365798950195
20,16,0.5928152203559875,0.8527327179908752,-0.08308222889900208
20,17,0.6799311637878418,0.8429945707321167,-0.06248702481389046
20,18,0.6597476005554199,0.8039013743400574,-0.09122097492218018
20,19,0.6319729089736938,0.8443019390106201,-0.08996258676052094
20,20,0.6132296919822693,0.8824824690818787,-0.08295240253210068
21,0,0.633958637714386,1.018356204032898,6.814339030825067e-07
21,1,0.5804378986358643,0.9902776479721069,-0.020714005455374718
21,2,0.5460663437843323,0.9284548163414001,-0.03537111356854439
21,3,0.5516188740730286,0.8658525943756104,-0.05352442339062691
21,4,0.569168746471405,0.8202345371246338,-0.07074649631977081
21,5,0.5466277003288269,0.7913757562637329,-0.0192625243216753
21,6,0.5167608261108398,0.698761522769928,-0.04079272970557213
21,7,0.5016217231750488,0.6424304246902466,-0.05346110090613365
21,8,0.49223947525024414,0.5901787281036377,-0.06251367926597595
21,9,0.5949716567993164,0.779700756072998,-0.03012559935450554
21,10,0.5967890024185181,0.6583070158958435,-0.054963983595371246
21,11,0.5989999175071716,0.587734580039978,-0.07160630077123642
21,12,0.6045898199081421,0.5291953682899475,-0.08056411892175674
21,13,0.6402041912078857,0.8012747764587402,-0.043813977390527725
21,14,0.6276388764381409,0.7349870204925537,-0.08184980601072311
21,15,0.604428768157959,0.8015123605728149,-0.0882263034582138
21,16,0.5924381613731384,0.8530507683753967,-0.08254660665988922
21,17,0.6802958846092224,0.8421730995178223,-0.05871836468577385
21,18,0.6605981588363647,0.8045539259910583,-0.08870784938335419
21,19,0.6318399310112,0.8453943729400635,-0.08849822729825974
21,20,0.6122578978538513,0.8825687170028687,-0.08191760629415512
22,0,0.6385297179222107,1.0177878141403198,6.678064323750732e-07
22,1,0.5827586054801941,0.9928686022758484,-0.022041654214262962
22,2,0.54518723487854,0.9306333065032959,-0.036580055952072144
22,3,0.5511056780815125,0.867538571357727,-0.05429532378911972
22,4,0.5684846043586731,0.8205317854881287,-0.07086528092622757
22,5,0.546705961227417,0.7893758416175842,-0.01885088160634041
22,6,0.5180513262748718,0.6968900561332703,-0.040608443319797516
22,7,0.5039910078048706,0.6390397548675537,-0.05361272022128105
22,8,0.4955242872238159,0.5859534740447998,-0.06281515955924988
22,9,0.5951047539710999,0.7775073647499084,-0.029162265360355377
22,10,0.5966107845306396,0.656865656375885,-0.05349215120077133
22,11,0.5984345078468323,0.5853599309921265,-0.06973181664943695
22,12,0.6036635041236877,0.5272786021232605,-0.0785045400261879
22,13,0.6403921246528625,0.7992947697639465,-0.04266985505819321
22,14,0.6276624202728271,0.7320842742919922,-0.08096735924482346
22,15,0.6061862111091614,0.7995584011077881,-0.08702617138624191
22,16,0.5957689881324768,0.8528451323509216,-0.08083450049161911
22,17,0.680598258972168,0.8401694297790527,-0.057537928223609924
22,18,0.6592109203338623,0.8035377264022827,-0.08794433623552322
22,19,0.6313298344612122,0.8447173237800598,-0.08771853148937225
22,20,0.6125178337097168,0.8823321461677551,-0.0809352844953537
23,0,0.6364384293556213,1.0208920240402222,6.72386931910296e-07
23,1,0.5817627906799316,0.992883563041687,-0.02154357172548771
23,2,0.5454989075660706,0.9308449625968933,-0.0366264171898365
23,3,0.5506308078765869,0.8689359426498413,-0.055020470172166824
23,4,0.5669588446617126,0.8218681216239929,-0.07250244170427322
23,5,0.5468167066574097,0.7907372117042542,-0.020585156977176666
23,6,0.5179638862609863,0.6981887221336365,-0.042364973574876785
23,7,0.5032355189323425,0.6416117548942566,-0.05548743158578873
23,8,0.49415308237075806,0.5889387130737305,-0.06497427821159363
23,9,0.5953987240791321,0.780007541179657,-0.03128162398934364
23,10,0.5976619124412537,0.6594815850257874,-0.05533210188150406
23,11,0.5996602177619934,0.5884461998939514,-0.07195942848920822
23,12,0.604829728603363,0.5296564698219299,-0.08149931579828262
23,13,0.640699028968811,0.8024306297302246,-0.0449393168091774
23,14,0.6284137964248657,0.7341048717498779,-0.08194555342197418
23,15,0.6049889326095581,0.7972191572189331,-0.08918911218643188
23,16,0.5927519202232361,0.8476346731185913,-0.08489169180393219
23,17,0.6810073852539062,0.843824028968811,-0.05996101349592209
23,18,0.661525547504425,0.8059714436531067,-0.08963823318481445
23,19,0.6321535110473633,0.8450037240982056,-0.09047090262174606
23,20,0.6118923425674438,0.8815701007843018,-0.08512582629919052
24,0,0.6356447339057922,1.0160924196243286,6.773165637241618e-07
24,1,0.5804862380027771,0.9892375469207764,-0.02269027568399906
24,2,0.5443088412284851,0.9299886226654053,-0.03902214765548706
24,3,0.5495209097862244,0.868820309638977,-0.05856138467788696
24,4,0.5680550932884216,0.8230491280555725,-0.07698854058980942
24,5,0.5475354194641113,0.7898746728897095,-0.02183178812265396
24,6,0.5179177522659302,0.6970044374465942,-0.04478819668292999
24,7,0.5031084418296814,0.6402661800384521,-0.0585540346801281
24,8,0.4942512512207031,0.5876689553260803,-0.06844518333673477
24,9,0.5949257016181946,0.778746485710144,-0.03231702744960785
24,10,0.5960015058517456,0.6577036380767822,-0.057944051921367645
24,11,0.5982910990715027,0.5874660015106201,-0.0751478374004364
24,12,0.6043500304222107,0.5293490886688232,-0.08492796868085861
24,13,0.639647364616394,0.8008752465248108,-0.04588564112782478
24,14,0.6282653212547302,0.7320958375930786,-0.0846276804804802
24,15,0.6051840782165527,0.7982861399650574,-0.09143522381782532
24,16,0.5933464169502258,0.8507154583930969,-0.08628799021244049
24,17,0.6801407337188721,0.842176616191864,-0.06086810678243637
24,18,0.6605511903762817,0.8039025664329529,-0.09181884676218033
24,19,0.6322047710418701,0.8439801335334778,-0.09241021424531937
24,20,0.6127958297729492,0.8812432289123535,-0.08653762936592102
25,0,0.6368663907051086,1.0175063610076904,6.809362389503804e-07
25,1,0.5812020301818848,0.9902310371398926,-0.02214932069182396
25,2,0.5449142456054688,0.9304630756378174,-0.037870679050683975
25,3,0.5498585104942322,0.8684804439544678,-0.05690896883606911
25,4,0.5671178102493286,0.8217017650604248,-0.0748240053653717
25,5,0.5471181869506836,0.7913612723350525,-0.02059384435415268
25,6,0.5174121260643005,0.6979981660842896,-0.04332570359110832
25,7,0.5030417442321777,0.6404491066932678,-0.05681997165083885
25,8,0.4945342540740967,0.5872822999954224,-0.06628680974245071
25,9,0.5949313044548035,0.7801996469497681,-0.031009862199425697
25,10,0.5965519547462463,0.6593334674835205,-0.05625222250819206
25,11,0.5988914370536804,0.5879626274108887,-0.07282055169343948
25,12,0.6044456958770752,0.5287292003631592,-0.08185282349586487
25,13,0.6398451924324036,0.8018925189971924,-0.04454892873764038
25,14,0.6273247003555298,0.7337549924850464,-0.08305588364601135
25,15,0.6046016812324524,0.7998320460319519,-0.08933945000171661
25,16,0.5930473208427429,0.8520389199256897,-0.083599753677845
25,17,0.6801913976669312,0.8427020311355591,-0.05951038375496864
25,18,0.6601802110671997,0.8059307932853699,-0.09009741991758347
25,19,0.6314188838005066,0.8471437692642212,-0.09023173153400421
25,20,0.611521303653717,0.8851863145828247,-0.08386954665184021
26,0,0.6404272317886353,1.0148667097091675,6.753500088052533e-07
26,1,0.5843287110328674,0.9920099377632141,-0.02280026488006115
26,2,0.5444334745407104,0.9358710050582886,-0.039434246718883514
26,3,0.5474998950958252,0.8739843964576721,-0.059048283845186234
26,4,0.5660912990570068,0.8253361582756042,-0.07748213410377502
26,5,0.544749915599823,0.7923983335494995,-0.022668691352009773
26,6,0.5145342350006104,0.6992915868759155,-0.04562130197882652
26,7,0.49970656633377075,0.6418890953063965,-0.05902143567800522
26,8,0.4910021424293518,0.5888783931732178,-0.068351149559021
26,9,0.5931234955787659,0.7801592350006104,-0.032583169639110565
26,10,0.5941224098205566,0.6602089405059814,-0.05764695629477501
26,11,0.5963690876960754,0.5894132256507874,-0.07373981177806854
26,12,0.6018044948577881,0.53066086769104,-0.08260294795036316
26,13,0.6385136842727661,0.800491988658905,-0.045605145394802094
26,14,0.6262860894203186,0.7347010970115662,-0.0838075652718544
26,15,0.6036632657051086,0.800709068775177,-0.0902056097984314
26,16,0.5923640131950378,0.8526555895805359,-0.08477237820625305
26,17,0.6787912249565125,0.839320182800293,-0.06003101170063019
26,18,0.6567617058753967,0.8065519332885742,-0.0904221385717392
26,19,0.6266763806343079,0.8464034199714661,-0.09116100519895554
26,20,0.605744481086731,0.8823515176773071,-0.08543913066387177
27,0,0.635796844959259,1.0187973976135254,7.165045303736406e-07
27,1,0.5809295177459717,0.9936134219169617,-0.02207665890455246
27,2,0.5433998703956604,0.9350168108940125,-0.03823745623230934
27,3,0.547615110874176,0.8727704286575317,-0.05741013586521149
27,4,0.5645378232002258,0.8258199095726013,-0.07549716532230377
27,5,0.5439905524253845,0.792589545249939,-0.023712780326604843
27,6,0.514431357383728,0.6995773315429688,-0.04599165543913841
27,7,0.5004353523254395,0.6425728797912598,-0.05904972553253174
27,8,0.49236756563186646,0.5902233123779297,-0.06831816583871841
27,9,0.592538058757782,0.7818112373352051,-0.0339815616607666
27,10,0.5950150489807129,0.6621996760368347,-0.05835694074630737
27,11,0.5976903438568115,0.5909044742584229,-0.07460591942071915
27,12,0.6036935448646545,0.5317764282226562,-0.08381259441375732
27,13,0.6379010677337646,0.8039247989654541,-0.04707225039601326
27,14,0.624289870262146,0.7403087019920349,-0.08346481621265411
27,15,0.6009984612464905,0.8029669523239136,-0.09041277319192886
27,16,0.5898211598396301,0.8521482348442078,-0.08610472828149796
27,17,0.6780022978782654,0.844402015209198,-0.061591751873493195
27,18,0.6575912237167358,0.8113135695457458,-0.09081792831420898
27,19,0.6274515390396118,0.8502522110939026,-0.09191729128360748
27,20,0.6070845723152161,0.8863190412521362,-0.08682485669851303
28,0,0.6385196447372437,1.016383171081543,6.983665343796019e-07
28,1,0.5825099349021912,0.9931797385215759,-0.022067628800868988
28,2,0.5424346923828125,0.9360833168029785,-0.03841209039092064
28,3,0.5459203720092773,0.8754376769065857,-0.057834867388010025
28,4,0.5638070702552795,0.8279985189437866,-0.07617570459842682
28,5,0.5438092350959778,0.7931835055351257,-0.02261868678033352
28,6,0.513679563999176,0.7014822959899902,-0.04538486525416374
28,7,0.4987674355506897,0.6450132727622986,-0.058944087475538254
28,8,0.49001210927963257,0.5921551585197449,-0.0686754360795021
28,9,0.5923759937286377,0.78061842918396,-0.03318767622113228
28,10,0.5934223532676697,0.660808265209198,-0.05840851739048958
28,11,0.5960302948951721,0.5894442796707153,-0.07502324879169464
28,12,0.601870059967041,0.5295058488845825,-0.08433189243078232
28,13,0.63787841796875,0.8013430237770081,-0.046679023653268814
28,14,0.6249456405639648,0.7356751561164856,-0.08476144820451736
28,15,0.6022212505340576,0.8008108735084534,-0.09093038737773895
28,16,0.5903641581535339,0.8519326448440552,-0.08547050505876541
28,17,0.6782572865486145,0.8409618735313416,-0.0615343376994133
28,18,0.6565826535224915,0.8060781955718994,-0.09194386005401611
28,19,0.6279788017272949,0.8470062613487244,-0.09207172691822052
28,20,0.6083271503448486,0.8841376900672913,-0.08589007705450058
29,0,0.6354349255561829,1.0190181732177734,6.984172955526446e-07
29,1,0.5805381536483765,0.9926906228065491,-0.020986992865800858
29,2,0.5435833930969238,0.9322708249092102,-0.03673379123210907
29,3,0.5479007363319397,0.8700942397117615,-0.05594419315457344
29,4,0.5641444325447083,0.8233832120895386,-0.07405077666044235
29,5,0.5451108813285828,0.7916576266288757,-0.021928556263446808
29,6,0.5148747563362122,0.6974617838859558,-0.044220391660928726
29,7,0.5006306171417236,0.6401850581169128,-0.05711817368865013
29,8,0.492856502532959,0.5880410671234131,-0.06618044525384903
29,9,0.5929649472236633,0.7803923487663269,-0.03286905214190483
29,10,0.5951937437057495,0.6599465012550354,-0.0576510988175869
29,11,0.5974013805389404,0.58933424949646,-0.07385484874248505
29,12,0.6035285592079163,0.5303817391395569,-0.08271937817335129
29,13,0.6382598280906677,0.8018399477005005,-0.04656783863902092
29,14,0.6246298551559448,0.7355732321739197,-0.08334579318761826
29,15,0.6016975045204163,0.8019296526908875,-0.08860450983047485
29,16,0.5910282731056213,0.8534172177314758,-0.08260497450828552
29,17,0.678978681564331,0.8425442576408386,-0.06167462095618248
29,18,0.6570418477058411,0.8068289756774902,-0.09086061269044876
29,19,0.6274704933166504,0.8450363874435425,-0.09058837592601776
29,20,0.6077433228492737,0.880302369594574,-0.08409666270017624
30,0,0.6396648287773132,1.0176372528076172,6.85293400692899e-07
30,1,0.5837465524673462,0.9926446676254272,-0.021403701975941658
30,2,0.5449346303939819,0.9331182837486267,-0.036649152636528015
30,3,0.5482419729232788,0.8699171543121338,-0.0551905483007431
30,4,0.564906656742096,0.8216556906700134,-0.07244758307933807
30,5,0.5454158186912537,0.7902405858039856,-0.01918506994843483
30,6,0.5156335830688477,0.6970000863075256,-0.04070230945944786
30,7,0.5006632208824158,0.6403311491012573,-0.053589459508657455
30,8,0.49146515130996704,0.5874826312065125,-0.06298849731683731
30,9,0.5933631062507629,0.7782366275787354,-0.029921691864728928
30,10,0.5947051644325256,0.6585473418235779,-0.054199956357479095
30,11,0.5973255038261414,0.5876237750053406,-0.07055600732564926
30,12,0.6030818223953247,0.5285016298294067,-0.0797257199883461
30,13,0.6384808421134949,0.7996997833251953,-0.04371168091893196
30,14,0.6252267360687256,0.7333924174308777,-0.08125101774930954
30,15,0.6027100086212158,0.7991288304328918,-0.08729059249162674
30,16,0.5910823345184326,0.850583016872406,-0.08171793073415756
30,17,0.67868971824646,0.8407017588615417,-0.05887717381119728
30,18,0.6578059196472168,0.8042873740196228,-0.08902522921562195
30,19,0.6290385723114014,0.8430365324020386,-0.08925285190343857
30,20,0.6090191006660461,0.8785592317581177,-0.08313944935798645
31,0,0.6410064101219177,1.0145912170410156,7.130424251045042e-07
31,1,0.5840608477592468,0.9899967908859253,-0.021266024559736252
31,2,0.5453269481658936,0.931249737739563,-0.03710068762302399
31,3,0.5480852127075195,0.8689334988594055,-0.05628969520330429
31,4,0.566544771194458,0.8235759735107422,-0.07445138692855835
31,5,0.546111524105072,0.7908757925033569,-0.02246929705142975
31,6,0.5157027244567871,0.6967901587486267,-0.04479464888572693
31,7,0.5014188289642334,0.6397539973258972,-0.05808709189295769
31,8,0.493098646402359,0.5865708589553833,-0.06778556108474731
31,9,0.594155490398407,0.7792723774909973,-0.0332854799926281
31,10,0.5963749885559082,0.6580612659454346,-0.05835636332631111
31,11,0.5996874570846558,0.5873041152954102,-0.07490243017673492
31,12,0.6059237718582153,0.5284367799758911,-0.08438310772180557
31,13,0.6390190124511719,0.8007664680480957,-0.046820662915706635
31,14,0.6253072023391724,0.7335799336433411,-0.08377847820520401
31,15,0.6030913591384888,0.7984877824783325,-0.08920370787382126
31,16,0.5916979312896729,0.8496139645576477,-0.08373941481113434
31,17,0.6788253784179688,0.8412637114524841,-0.061799246817827225
31,18,0.6584171652793884,0.8035403490066528,-0.09110873937606812
31,19,0.6304329037666321,0.8435375690460205,-0.09074661135673523
31,20,0.6112267374992371,0.8807991147041321,-0.08456491678953171
32,0,0.6383051872253418,1.014979600906372,7.085718038979394e-07
32,1,0.5836769938468933,0.990631103515625,-0.02248808927834034
32,2,0.5444284081459045,0.9322716593742371,-0.03958287835121155
32,3,0.5468345880508423,0.8712413907051086,-0.05969463288784027
32,4,0.5654840469360352,0.8256520628929138,-0.07870082557201385
32,5,0.5450969338417053,0.7894177436828613,-0.02588961459696293
32,6,0.5155014991760254,0.6957052946090698,-0.04954458773136139
32,7,0.5011910796165466,0.6386154294013977,-0.06374549120664597
32,8,0.4932969808578491,0.5856612920761108,-0.07409991323947906
32,9,0.5932940244674683,0.7784844040870667,-0.0366656519472599
32,10,0.59458988904953,0.6589650511741638,-0.06279073655605316
32,11,0.5974599123001099,0.5877553224563599,-0.08001561462879181
32,12,0.6041865944862366,0.5276494026184082,-0.09016086161136627
32,13,0.6389524340629578,0.8006172776222229,-0.05011584237217903
32,14,0.626153290271759,0.7325565218925476,-0.08779381960630417
32,15,0.6028078198432922,0.7980754971504211,-0.09337464720010757
32,16,0.5910710692405701,0.8496014475822449,-0.08810711652040482
32,17,0.6793912053108215,0.841931164264679,-0.06509802490472794
32,18,0.6582203507423401,0.8056738376617432,-0.09588194638490677
32,19,0.6285519599914551,0.8447807431221008,-0.0964236930012703
32,20,0.6081938147544861,0.8813955187797546,-0.09069136530160904
33,0,0.6395742297172546,1.014808177947998,6.796550451326766e-07
33,1,0.5835456252098083,0.989772617816925,-0.02026151865720749
33,2,0.5460225939750671,0.9282545447349548,-0.03494691103696823
33,3,0.5504274368286133,0.8660734295845032,-0.05289512127637863
33,4,0.5661622285842896,0.8191240429878235,-0.07003693282604218
33,5,0.5476093888282776,0.7879512906074524,-0.021365972235798836
33,6,0.5181160569190979,0.6952698826789856,-0.04314548894762993
33,7,0.5036948323249817,0.6387075781822205,-0.05617721751332283
33,8,0.495167076587677,0.5862889289855957,-0.06559839844703674
33,9,0.5956239700317383,0.7771628499031067,-0.032392945140600204
33,10,0.5975905060768127,0.656896710395813,-0.05705880746245384
33,11,0.6003304719924927,0.5853568315505981,-0.0738612562417984
33,12,0.6065095067024231,0.5265711545944214,-0.0833963081240654
33,13,0.6405880451202393,0.79891037940979,-0.04601646214723587
33,14,0.6276339292526245,0.7320429682731628,-0.08317039906978607
33,15,0.6050613522529602,0.7961565852165222,-0.08970747888088226
33,16,0.5934505462646484,0.8473189473152161,-0.08483338356018066
33,17,0.6806007027626038,0.8388633728027344,-0.06083031743764877
33,18,0.6579973697662354,0.8037064671516418,-0.09097745269536972
33,19,0.6297977566719055,0.8435419201850891,-0.09151054918766022
33,20,0.6105990409851074,0.8801894187927246,-0.08569348603487015
